Title,cluster,silhouette,category,summary,details
Mice in Bion-M 1 space mission: training and selection,5,0.10902114,Neurobiology in Spaceflight,,
"Microgravity induces pelvic bone loss through osteoclastic activity, osteocytic osteolysis, and osteoblastic cell cycle inhibition by CDKN1a/p21",8,0.05273189,Microgravity & Stem Cells,,
Stem Cell Health and Tissue Regeneration in Microgravity,8,0.09943938,Microgravity & Stem Cells,,
Microgravity Reduces the Differentiation and Regenerative Potential of Embryonic Stem Cells,8,0.11266533,Microgravity & Stem Cells,,
Microgravity validation of a novel system for RNA isolation and multiplex quantitative real time PCR analysis of gene expression on the International Space Station,1,-0.018125907,Spaceflight Microbiome Dynamics,,
Spaceflight Modulates the Expression of Key Oxidative Stress and Cell Cycle Related Genes in Heart,5,0.16206005,Neurobiology in Spaceflight,,
Dose- and Ion-Dependent Effects in the Oxidative Stress Response to Space-Like Radiation Exposure in the Skeletal System,3,0.1988514,Space Radiation Biology,,
From the bench to exploration medicine: NASA life sciences translational research for human exploration and habitation missions.,9,0.20440382,Space Omics & Exploration,,
High-precision method for cyclic loading of small-animal vertebrae to assess bone quality.,0,0.081304,Skeletal & Musculoskeletal Biology,,
Effects of ex vivo ionizing radiation on collagen structure and whole-bone mechanical properties of mouse vertebrae.,3,0.081586435,Space Radiation Biology,,
Absence of gamma-sarcoglycan alters the response of p70S6 kinase to mechanical perturbation in murine skeletal muscle,0,0.05450115,Skeletal & Musculoskeletal Biology,,
AtRabD2b and AtRabD2c have overlapping functions in pollen development and pollen tube growth.,6,-0.06324621,Cellular Stress Responses,,
TNO1 is involved in salt tolerance and vacuolar trafficking in Arabidopsis.,2,0.16462772,Plant Growth & Signaling,,
Functional redundancy between trans-Golgi network SNARE family members in Arabidopsis thaliana.,2,0.14901122,Plant Growth & Signaling,,
Root growth movements: Waving and skewing.,2,0.11998073,Plant Growth & Signaling,,
Gravitropism and lateral root emergence are dependent on the trans-Golgi network protein TNO1,2,0.104031876,Plant Growth & Signaling,,
"TNO1, a TGN-localized SNARE-interacting protein, modulates root skewing in Arabidopsis thaliana.",2,0.22795391,Plant Growth & Signaling,,
The Drosophila SUN protein Spag4 cooperates with the coiled-coil protein Yuri Gagarin to maintain association of the basal body and spermatid nucleus.,6,-0.04590007,Cellular Stress Responses,,
Toll mediated infection response is altered by gravity and spaceflight in Drosophila,5,0.061115257,Neurobiology in Spaceflight,,
Multi-omics analysis of multiple missions to space reveal a theme of lipid dysregulation in mouse liver,5,0.097812556,Neurobiology in Spaceflight,,
GeneLab database analyses suggest long-term impact of space radiation on the cardiovascular system by the activation of FYN through reactive oxygen species.,3,0.10013855,Space Radiation Biology,,
FAIRness and usability for open-access omics data systems.,9,0.17289177,Space Omics & Exploration,,
NASA GeneLab platform utilized for biological response to space radiation in animal models,3,0.005129773,Space Radiation Biology,,
Circulating miRNA spaceflight signature reveals targets for countermeasure development,5,-0.008451257,Neurobiology in Spaceflight,,
Machine learning algorithm to characterize antimicrobial resistance associated with the International Space Station surface microbiome,1,0.07367339,Spaceflight Microbiome Dynamics,,
Extraterrestrial Gynecology: Could Spaceflight Increase the Risk of Developing Cancer in Female Astronauts? An Updated Review,5,0.014062474,Neurobiology in Spaceflight,,
Muscle atrophy phenotype gene expression during spaceflight is linked to a metabolic crosstalk in both the liver and the muscle in mice.,5,0.12684739,Neurobiology in Spaceflight,,
Chromosomal positioning and epigenetic architecture influence DNA methylation patterns triggered by galactic cosmic radiation,3,0.06888416,Space Radiation Biology,,
"A comprehensive SARS-CoV-2 and COVID-19 review, Part 2: Host extracellular to systemic effects of SARS-CoV-2 infection",6,-0.003545733,Cellular Stress Responses,,
Aging and putative frailty biomarkers are altered by spaceflight,5,0.07620079,Neurobiology in Spaceflight,,
Space radiation damage rescued by inhibition of key spaceflight associated miRNAs,3,0.056129456,Space Radiation Biology,,
Ethical considerations for the age of non-governmental space exploration,9,0.14347912,Space Omics & Exploration,,
Innate immune responses of Drosophila melanogaster are altered by spaceflight.,5,0.13958693,Neurobiology in Spaceflight,,
Prolonged Exposure to Microgravity Reduces Cardiac Contractility and Initiates Remodeling in Drosophila,8,0.05371004,Microgravity & Stem Cells,,
Regulation of plant gravity sensing and signaling by the actin cytoskeleton.,2,0.18604802,Plant Growth & Signaling,,
HLB1 Is a Tetratricopeptide Repeat Domain-Containing Protein That Operates at the Intersection of the Exocytic and Endocytic Pathways at the TGN/EE in Arabidopsis,2,0.099366724,Plant Growth & Signaling,,
ERULUS is a plasma membrane-localized receptor-like kinase that specifies root hair growth by maintaining tip-focused cytoplasmic calcium oscillations.,2,0.1119579,Plant Growth & Signaling,,
Brassinosteroids inhibit autotropic root straightening by modifying filamentous-actin organization and dynamics.,2,0.1303257,Plant Growth & Signaling,,
Cell type-specific imaging of calcium signaling in Arabidopsis thaliana seedling roots using GCaMP3.,2,0.22716889,Plant Growth & Signaling,,
Spatial and temporal localization of SPIRRIG and WAVE/SCAR reveal roles for these proteins in actin-mediated root hair development.,6,-0.080382206,Cellular Stress Responses,,
Microgravity Stress: Bone and Connective Tissue,8,0.11136339,Microgravity & Stem Cells,,
S. aureus MscL is a pentamer in vivo but of variable stoichiometries in vitro: implications for detergent-solubilized membrane proteins,6,0.077592604,Cellular Stress Responses,,
Manipulating the permeation of charged compounds through the MscL nanovalve.,6,0.054909617,Cellular Stress Responses,,
The oligomeric state of the truncated mechanosensitive channel of large conductance shows no variance in vivo.,8,0.0463986,Microgravity & Stem Cells,,
Three routes to modulate the pore size of the MscL channel/nanovalve,6,0.04023196,Cellular Stress Responses,,
The dynamics of protein-protein interactions between domains of MscL at the cytoplasmic-lipid interface,6,0.09322275,Cellular Stress Responses,,
The MscS and MscL families of mechanosensitive channels act as microbial emergency release valves,1,0.068026334,Spaceflight Microbiome Dynamics,,
Chimeras reveal a single lipid-interface residue that controls MscL channel kinetics as well as mechanosensitivity,6,0.0703229,Cellular Stress Responses,,
Evidence for extensive horizontal gene transfer from the draft genome of a tardigrade,4,0.08954174,Space Station Genomics,,
Reply to Bemm et al. and Arakawa: Identifying foreign genes in independent Hypsibius dujardini genome assemblies,4,0.1270539,Space Station Genomics,,
Tardigrades Use Intrinsically Disordered Proteins to Survive Desiccation.,6,0.007871843,Cellular Stress Responses,,
Desiccation of Hypsibius exemplaris,6,0.011680309,Cellular Stress Responses,,
The biology of tardigrade disordered proteins in extreme stress tolerance.,6,0.04660724,Cellular Stress Responses,,
Production of reactive oxygen species and involvement of bioprotectants during anhydrobiosis in the tardigrade Paramacrobiotus spatialis,1,0.054431714,Spaceflight Microbiome Dynamics,,
Partial weight suspension: A novel murine model for investigating adaptation to reduced musculoskeletal loading.,0,0.06366959,Skeletal & Musculoskeletal Biology,,
"Partial reductions in mechanical loading yield proportional changes in bone density, bone architecture, and muscle mass",0,0.11870965,Skeletal & Musculoskeletal Biology,,
Spaceflight and hind limb unloading induce similar changes in electrical impedance characteristics of mouse gastrocnemius muscle,8,-0.011701878,Microgravity & Stem Cells,,
Spaceflight Activates Lipotoxic Pathways in Mouse Liver,5,0.19651929,Neurobiology in Spaceflight,,
Treatment with a soluble bone morphogenetic protein type 1A receptor (BMPR1A) fusion protein increases bone mass and bone formation in mice subjected to hindlimb unloading.,0,0.17728105,Skeletal & Musculoskeletal Biology,,
RNAseq and RNA molecular barcoding reveal differential gene expression in cortical bone following hindlimb unloading in female mice,0,0.1275979,Skeletal & Musculoskeletal Biology,,
Proteomic and phosphoproteomic characterization of cardiovascular tissues after long term exposure to simulated space radiation,3,0.08942184,Space Radiation Biology,,
Adaptive Changes in the Vestibular System of Land Snail to a 30-Day Spaceflight and Readaptation on Return to Earth,8,0.007779589,Microgravity & Stem Cells,,
"Morphology of the Utricular Otolith Organ in the Toadfish, Opsanus tau",6,-0.03790253,Cellular Stress Responses,,
"Influence of Magnitude and Duration of Altered Gravity and Readaptation to 1g on the Structure and Function of the Utricle in Toadfish, Opsanus tau.",8,0.037600055,Microgravity & Stem Cells,,
Organization of the ER-Golgi interface for membrane traffic control.,6,0.03154602,Cellular Stress Responses,,
IRE1: ER stress sensor and cell fate executor.,6,-0.021835728,Cellular Stress Responses,,
Inter-regulation of the unfolded protein response and auxin signaling.,2,0.13381763,Plant Growth & Signaling,,
Endoplasmic reticulum-shape and function in stress translation,6,0.009549313,Cellular Stress Responses,,
Galactose-depleted xycoglucan is dysfunctional and leads to dwarfism in Arabidopsis,2,0.1841537,Plant Growth & Signaling,,
"Unfolded protein response in plants: one master, many questions.",2,0.15419163,Plant Growth & Signaling,,
Vesicles versus Tubes: Is Endoplasmic Reticulum-Golgi Transport in Plants Fundamentally Different from Other Eukaryotes?,2,0.10711226,Plant Growth & Signaling,,
Pectin methylesterification impacts the relationship between photosynthesis and plant growth.,2,0.18307868,Plant Growth & Signaling,,
Reduced Chloroplast Coverage genes from Arabidopsis thaliana help to establish the size of the chloroplast compartment,2,0.1756784,Plant Growth & Signaling,,
Maintaining the factory: The roles of the unfolded protein response in cellular homeostasis in plants.,2,0.1918589,Plant Growth & Signaling,,
NADPH oxidase activity is required for ER stress survival in plants.,2,0.13797313,Plant Growth & Signaling,,
Relevance of the Unfolded Protein Response to Spaceflight-Induced Transcriptional Reprogramming in Arabidopsis,2,0.17379315,Plant Growth & Signaling,,
Reanalysis of the Mars500 experiment reveals common gut microbiome alterations in astronauts induced by long-duration confinement,1,0.14621887,Spaceflight Microbiome Dynamics,,
"High atomic weight, high-energy radiation (HZE) induces transcriptional responses shared with conventional stresses in addition to a core ""DSB"" response specific to clastogenic treatments",3,0.1362091,Space Radiation Biology,,
Genomic stability in response to high versus low linear energy transfer radiation in Arabidopsis thaliana,2,0.07239406,Plant Growth & Signaling,,
Acceleration profiles and processing methods for parabolic flight.,8,-0.040096756,Microgravity & Stem Cells,,
Cytoskeleton structure and total methylation of mouse cardiac and lung tissue during space flight.,5,0.078651115,Neurobiology in Spaceflight,,
Toward countering muscle and bone loss with spaceflight: GSK3 as a potential target,8,-0.024616973,Microgravity & Stem Cells,,
Spaceflight increases sarcoplasmic reticulum Ca2+ leak and this cannot be counteracted with BuOE treatment,5,0.051274985,Neurobiology in Spaceflight,,
Cardiovascular progenitor cells cultured aboard the International Space Station exhibit altered developmental and functional properties,5,0.05609503,Neurobiology in Spaceflight,,
Inter-agency perspective: Translating advances in biomarker discovery and medical countermeasures development between terrestrial and space radiation environments,3,0.008693754,Space Radiation Biology,,
Genomic and functional characterization of Enterococcus faecalis isolates recovered from the International Space Station and their potential for pathogenicity,1,-0.05080848,Spaceflight Microbiome Dynamics,,
Evaluation of in vitro macrophage differentiation during space flight.,5,0.13997866,Neurobiology in Spaceflight,,
Identification of critical host mitochondrion-associated genes during Ehrlichia chaffeensis infections,6,-0.09051609,Cellular Stress Responses,,
Ehrlichia chaffeensis replication sites in adult Drosophila melanogaster.,6,-0.07564328,Cellular Stress Responses,,
Development and characterization of two porcine monocyte-derived macrophage cell lines.,6,0.020223785,Cellular Stress Responses,,
Understanding macrophage differentiation during space flight: The importance of ground-based experiments before space flight,5,0.12895072,Neurobiology in Spaceflight,,
Bone marrow leptin signaling mediates obesity-associated adipose tissue inflammation in male mice.,0,0.14078611,Skeletal & Musculoskeletal Biology,,
Establishment and characterization of DB-1: a leptin receptor-deficient murine macrophage cell line,6,0.018689016,Cellular Stress Responses,,
Validation of methods to assess the immunoglobulin gene repertoire in tissues obtained from mice on the International Space Station.,5,0.12274298,Neurobiology in Spaceflight,,
Characterization of the naive murine antibody repertoire using unamplified high-throughput sequencing,6,0.015219147,Cellular Stress Responses,,
Effects of spaceflight on the immunoglobulin repertoire of unimmunized C57BL/6 mice,5,0.21545304,Neurobiology in Spaceflight,,
A comparison of unamplified and massively multiplexed PCR amplification for murine antibody repertoire sequencing.,6,0.019241037,Cellular Stress Responses,,
Effects of skeletal unloading on the antibody repertoire of tetanus toxoid and/or CpG treated C57BL/6J mice.,0,0.063569635,Skeletal & Musculoskeletal Biology,,
Effects of skeletal unloading on the bone marrow antibody repertoire of tetanus toxoid and/or CpG treated C57BL/6J mice.,0,0.09216375,Skeletal & Musculoskeletal Biology,,
An Analysis of the Effects of Spaceflight and Vaccination on Antibody Repertoire Diversity,5,0.09445072,Neurobiology in Spaceflight,,
Effects of spaceflight aboard the International Space Station on mouse estrous cycle and ovarian gene expression,5,0.15837686,Neurobiology in Spaceflight,,
Effect of spaceflight on Pseudomonas aeruginosa final cell density is modulated by nutrient and oxygen availability.,1,0.1503219,Spaceflight Microbiome Dynamics,,
Spaceflight promotes biofilm formation by Pseudomonas aeruginosa.,1,0.13552035,Spaceflight Microbiome Dynamics,,
GeneLab: Omics database for spaceflight experiments,9,0.20871702,Space Omics & Exploration,,
NASA GeneLab: Interfaces for the exploration of space omics data,9,0.24470493,Space Omics & Exploration,,
Comprehensive multi-omics analysis reveals mitochondrial stress as a central biological hub for spaceflight impact,5,-0.036130168,Neurobiology in Spaceflight,,
A New Era for Space Life Science: International Standards for Space Omics Processing,9,0.3272655,Space Omics & Exploration,,
Knowledge Network Embedding of Transcriptomic Data from Spaceflown Mice Uncovers Signs and Symptoms Associated with Terrestrial Diseases,5,0.085458644,Neurobiology in Spaceflight,,
NASA GeneLab RNA-Seq Consensus Pipeline: Standardized Processing of Short-Read RNA-Seq Data,6,-0.058991827,Cellular Stress Responses,,
Spatially resolved multiomics on the neuronal effects induced by spaceflight in mice,5,0.15850279,Neurobiology in Spaceflight,,
Biological horizons: pioneering open science in the cosmos,9,0.21646723,Space Omics & Exploration,,
Inspiration4 data access through the NASA Open Science Data Repository,9,0.30232665,Space Omics & Exploration,,
NASA GeneLab derived microarray studies of Mus musculus and Homo sapiens organisms in altered gravitational conditions.,5,0.023826202,Neurobiology in Spaceflight,,
Celebrating 30 years of access to NASA space life sciences data,9,0.3038932,Space Omics & Exploration,,
Dichotomous effects on lymphatic transport with loss of caveolae in mice.,6,-0.049920857,Cellular Stress Responses,,
Fungal diversity differences in the indoor dust microbiome from built environments on Earth and in space.,1,0.06910523,Spaceflight Microbiome Dynamics,,
Predicting how varying moisture conditions impact the microbiome of dust collected from the International Space Station,1,0.12877819,Spaceflight Microbiome Dynamics,,
Aging and estrogen status: A possible endothelium-dependent vascular coupling mechanism in bone remodeling.,0,0.1498425,Skeletal & Musculoskeletal Biology,,
Chronic skeletal unloading of the rat femur: mechanisms and functional consequences of vascular remodeling.,0,0.16620429,Skeletal & Musculoskeletal Biology,,
Differential effects of aging and exercise on intra-abdominal adipose arteriolar function and blood flow regulation.,0,0.06546106,Skeletal & Musculoskeletal Biology,,
Effects of spaceflight and ground recovery on mesenteric artery and vein constrictor properties in mice.,5,0.050727356,Neurobiology in Spaceflight,,
"Spaceflight-induced alterations in cerebral artery vasoconstrictor, mechanical, and structural properties: Implications for elevated cerebral perfusion and intracranial pressure",5,0.043734528,Neurobiology in Spaceflight,,
Exercise training augments regional bone and marrow blood flow during exercise.,0,0.07831562,Skeletal & Musculoskeletal Biology,,
Effects of Skeletal Unloading on the Vasomotor Properties of the Rat Femur Principal Nutrient Artery,0,0.1334012,Skeletal & Musculoskeletal Biology,,
Type 2 diabetes alters bone and marrow blood flow and vascular control mechanisms in the ZDF rat.,0,0.14077298,Skeletal & Musculoskeletal Biology,,
Spaceflight on the Bion-M1 biosatellite alters cerebral artery vasomotor and mechanical properties in mice,5,0.11183904,Neurobiology in Spaceflight,,
Apollo Lunar Astronauts Show Higher Cardiovascular Disease Mortality: Possible Deep Space Radiation Effects on the Vascular Endothelium,3,0.016608559,Space Radiation Biology,,
Effects of age and exercise training on coronary microvascular smooth muscle phenotype and function,0,0.018485045,Skeletal & Musculoskeletal Biology,,
Impact of Spaceflight and Artificial Gravity on the Mouse Retina: Biochemical and Proteomic Analysis.,5,0.13310488,Neurobiology in Spaceflight,,
Simulated microgravity induces regionally distinct neurovascular and structural remodeling of skeletal muscle and cutaneous arteries in the rat,8,0.1306179,Microgravity & Stem Cells,,
Spaceflight decelerates the epigenetic clock orchestrated with a global alteration in DNA methylome and transcriptome in the mouse retina,5,0.11519158,Neurobiology in Spaceflight,,
Development of otolith receptors in Japanese quail.,6,-0.039090347,Cellular Stress Responses,,
Spatial and temporal characteristics of vestibular convergence,8,0.08248314,Microgravity & Stem Cells,,
Bone remodeling is regulated by inner ear vestibular signals,8,0.029617777,Microgravity & Stem Cells,,
Simulated Microgravity Enhances Oligodendrocyte Mitochondrial Function and Lipid Metabolism,8,0.039108243,Microgravity & Stem Cells,,
Human Neural Stem Cells Flown into Space Proliferate and Generate Young Neurons,5,0.031491328,Neurobiology in Spaceflight,,
Delayed Maturation of Oligodendrocyte Progenitors by Microgravity: Implications for Multiple Sclerosis and Space Flight,8,-0.005347804,Microgravity & Stem Cells,,
Space Microgravity Alters Neural Stem Cell Division: Implications for Brain Cancer Research on Earth and in Space,8,-0.01477239,Microgravity & Stem Cells,,
Oligodendrocyte Progenitors Display Enhanced Proliferation and Autophagy after Space Flight,5,0.120875284,Neurobiology in Spaceflight,,
Metabolomics profile of the secretome of space-flown oligodendrocytes.,5,0.11463635,Neurobiology in Spaceflight,,
Metabolomic profiling of the secretome from human neural stem cells flown into space.,5,0.09246869,Neurobiology in Spaceflight,,
"Strategies, research priorities, and challenges for the exploration of space beyond low-Earth orbit",9,0.21276642,Space Omics & Exploration,,
Spaceflight Induces Specific Alterations in the Proteomes of Arabidopsis,2,0.17703477,Plant Growth & Signaling,,
The effect of spaceflight on the gravity-sensing auxin gradient of roots: GFP reporter gene microscopy on orbit.,2,0.22320876,Plant Growth & Signaling,,
Skewing in Arabidopsis roots involves disparate environmental signaling pathways.,2,0.28883016,Plant Growth & Signaling,,
"Data for characterization of SALK_084889, a T-DNA insertion line of Arabidopsis thaliana",2,0.077984765,Plant Growth & Signaling,,
Genetic dissection of the Arabidopsis spaceflight transcriptome: Are some responses dispensable for the physiological adaptation of plants to spaceflight?,2,0.18425544,Plant Growth & Signaling,,
Phenotypic characterization of an Arabidopsis T- DNA insertion line SALK_063500,2,0.10570675,Plant Growth & Signaling,,
Utilization of single‚Äêimage normalized difference vegetation index (SI‚ÄêNDVI) for early plant stress detection,2,0.12305266,Plant Growth & Signaling,,
Comparing RNA-Seq and microarray gene expression data in two zones of the Arabidopsis root apex relevant to spaceflight.,2,0.14855628,Plant Growth & Signaling,,
Spaceflight-induced alternative splicing during seedling development in Arabidopsis thaliana.,2,0.22960272,Plant Growth & Signaling,,
The Plant Health Monitoring System of the EDEN ISS Space Greenhouse in Antarctica during the 2018 experiment phase,2,0.04886973,Plant Growth & Signaling,,
Root skewing-associated genes impact the spaceflight response of Arabidopsis thaliana.,2,0.22198656,Plant Growth & Signaling,,
Articular cartilage and sternal fibrocartilage respond differently to extended microgravity.,8,0.12493272,Microgravity & Stem Cells,,
Host-microbe interactions in microgravity: assessment and implications.,1,0.13225588,Spaceflight Microbiome Dynamics,,
Environmental cues and symbiont microbe-associated molecular patterns function in concert to drive the daily remodelling of the crypt-cell brush border of the Euprymna scolopes light organ,6,0.033518564,Cellular Stress Responses,,
Symbiotic organs shaped by distinct modes of genome evolution in cephalopods.,6,-0.050854072,Cellular Stress Responses,,
Modeled microgravity alters lipopolysaccharide and outer membrane vesicle production of the beneficial symbiont Vibrio fischeri,6,-0.047977027,Cellular Stress Responses,,
Emergence of novel cephalopod gene regulation and expression through large-scale genome reorganization,6,-0.06106168,Cellular Stress Responses,,
Modeled microgravity alters apoptotic gene expression and caspase activity in the squid-vibrio symbiosis,6,-0.074762546,Cellular Stress Responses,,
In vitro generation of mechanically functional cartilage grafts based on adult human stem cells and 3D-woven poly(epsilon-caprolactone) scaffolds,8,0.023216711,Microgravity & Stem Cells,,
Chondrogenesis and mineralization during in vitro culture of human mesenchymal stem cells on three-dimensional woven scaffolds,8,0.034023196,Microgravity & Stem Cells,,
Microbiome metadata standards: Report of the National Microbiome Data Collaborative's workshop and follow-on activities.,1,0.035356008,Spaceflight Microbiome Dynamics,,
Spaceflight alters host-gut microbiota interactions,1,0.1527823,Spaceflight Microbiome Dynamics,,
Asparagine biosynthesis as a mechanism of increased host lethality induced by Serratia marcescens in simulated microgravity environments,1,0.08445776,Spaceflight Microbiome Dynamics,,
Comparative genomic analysis of Cohnella hashimotonis sp. nov. isolated from the International Space Station.,4,0.2414785,Space Station Genomics,,
Characterization of metagenome-assembled genomes from the International Space Station,4,0.21564491,Space Station Genomics,,
Biocontrol in built environments to reduce pathogen exposure and infection risk.,1,0.1476541,Spaceflight Microbiome Dynamics,,
Extracellular nucleotides elicit cytosolic free calcium oscillations in Arabidopsis.,2,0.1962573,Plant Growth & Signaling,,
"Calcium, mechanical signaling, and tip growth",8,-0.017368061,Microgravity & Stem Cells,,
Gravitropism and mechanical signaling in plants.,2,0.2187178,Plant Growth & Signaling,,
"Salt stress-induced Ca2+ waves are associated with rapid, long-distance root-to-shoot signaling in plants.",2,0.23704731,Plant Growth & Signaling,,
Gravitropic signaling in plants,2,0.23197399,Plant Growth & Signaling,,
Wortmannin-induced vacuole fusion enhances amyloplast dynamics in Arabidopsis zigzag1 hypocotyls.,2,0.17158876,Plant Growth & Signaling,,
A ROS-assisted calcium wave dependent on AtRBOHD and TPC1 propagates the systemic response to salt stress in Arabidopsis roots,2,0.20153908,Plant Growth & Signaling,,
"ROS, calcium and electric signals: Key mediators of rapid systemic signaling in plants",2,0.22600767,Plant Growth & Signaling,,
Real-time In Vivo Recording of Arabidopsis Calcium Signals During Insect Feeding Using a Fluorescent Biosensor,2,0.13993905,Plant Growth & Signaling,,
"Orchestrating rapid long-distance signaling in plants with Ca2+ , ROS, and electrical signals",2,0.227157,Plant Growth & Signaling,,
"Glutamate triggers long-distance, calcium-based plant defense signaling.",2,0.20077042,Plant Growth & Signaling,,
Test of Arabidopsis Space Transcriptome: A discovery environment to explore multiple plant biology spaceflight experiments.,2,0.18095016,Plant Growth & Signaling,,
Tonoplast-localized Ca2+ pumps regulate Ca2+ signals during pattern-triggered immunity in Arabidopsis thaliana.,2,0.20786327,Plant Growth & Signaling,,
The fast and the furious: Rapid long-range signaling in plants.,2,0.24261537,Plant Growth & Signaling,,
Rad-Bio-App: A discovery environment for biologists to explore spaceflight-related radiation exposures,3,0.036308713,Space Radiation Biology,,
The vacuolar H+/Ca transporter CAX1 participates in submergence and anoxia stress responses.,6,-0.017111355,Cellular Stress Responses,,
Meta-analysis of the space flight and microgravity response of the Arabidopsis plant transcriptome,2,0.19725336,Plant Growth & Signaling,,
"Low-dose, ionizing radiation and age-related changes in skeletal microarchitecture",3,0.13841593,Space Radiation Biology,,
Ionizing Radiation Stimulates Expression of Pro-Osteoclastogenic Genes in Marrow and Skeletal Tissue,3,0.096376315,Space Radiation Biology,,
Preservation of Multiple Mammalian Tissues to Maximize Science Return from Ground Based and Spaceflight Experiments,5,0.03106059,Neurobiology in Spaceflight,,
Hindlimb Unloading: Rodent Analog for Microgravity,8,0.12209927,Microgravity & Stem Cells,,
Redox Signaling and Its Impact on Skeletal and Vascular Responses to Spaceflight,5,0.08730797,Neurobiology in Spaceflight,,
Influence of social isolation during prolonged simulated weightlessness by hindlimb unloading,0,0.037770756,Skeletal & Musculoskeletal Biology,,
Validation of a new Rodent experimental System to investigate consequences of Long Duration Space Habitation,5,0.08120779,Neurobiology in Spaceflight,,
Skeletal tissue regulation by catalase over-expression in mitochondria,0,0.02892199,Skeletal & Musculoskeletal Biology,,
Overexpression of catalase in mitochondria mitigates changes in hippocampal cytokine expression following simulated microgravity and isolation.,8,-0.001672528,Microgravity & Stem Cells,,
An extensive allelic series of Drosophila kae1 mutants reveals diverse and tissue-specific requirements for t6A biogenesis,6,0.030835876,Cellular Stress Responses,,
Novel Organelles with Elements of Bacterial and Eukaryotic Secretion Systems Weaponize Parasites of Drosophila,6,-0.001448185,Cellular Stress Responses,,
A combined computational strategy of sequence and structural analysis predicts the existence of a functional eicosanoid pathway in Drosophila melanogaster.,6,0.010817493,Cellular Stress Responses,,
Immune suppressive extracellular vesicle proteins of Leptopilina heterotoma are encoded in the wasp genome.,6,0.06789419,Cellular Stress Responses,,
Spaceflight and simulated microgravity conditions increase virulence of Serratia marcescens in the Drosophila melanogaster infection model.,1,0.10569785,Spaceflight Microbiome Dynamics,,
A parasitoid wasp of Drosophila employs preemptive and reactive strategies to deplete its host's blood cells,6,0.053745415,Cellular Stress Responses,,
In Silico Analysis of a Drosophila Parasitoid Venom Peptide Reveals Prevalence of the Cation‚ÄìPolar‚ÄìCation Clip Motif in Knottin Proteins,6,0.067841746,Cellular Stress Responses,,
Drosophila parasitoids go to space: Unexpected effects of spaceflight on hosts and their parasitoids.,5,0.08704164,Neurobiology in Spaceflight,,
Drosophila parasitoids go to space: Unexpected effects of spaceflight on hosts and their parasitoids,5,0.08363792,Neurobiology in Spaceflight,,
Simultaneous exposure of cultured human lymphoblastic cells to simulated microgravity and radiation increases chromosome aberrations,3,0.15651894,Space Radiation Biology,,
Genes required for survival in microgravity revealed by genome-wide yeast deletion collections cultured during spaceflight.,5,-0.0451242,Neurobiology in Spaceflight,,
Physical Forces Modulate Oxidative Status and Stress Defense Meditated Metabolic Adaptation of Yeast Colonies: Spaceflight and Microgravity Simulations,1,0.07974662,Spaceflight Microbiome Dynamics,,
Effects of space flight on mouse liver versus kidney: Gene pathway analyses.,5,0.16859637,Neurobiology in Spaceflight,,
Yeast in Space,1,-0.011838473,Spaceflight Microbiome Dynamics,,
Endocrine Effects of Space Flight,5,0.15442662,Neurobiology in Spaceflight,,
Role of shear stress on renal proximal tubular cells for nephrotoxicity assays,6,0.02130808,Cellular Stress Responses,,
Bone hemodynamic responses to changes in external pressure.,0,0.09457134,Skeletal & Musculoskeletal Biology,,
Back pain in space and post-flight spine injury: Mechanisms and countermeasure development,8,0.017870078,Microgravity & Stem Cells,,
Fifteen days of microgravity causes growth in calvaria of mice,8,0.09622875,Microgravity & Stem Cells,,
Altered disc compression in children with idiopathic low back pain: an upright magnetic resonance imaging backpack study,8,-0.017348096,Microgravity & Stem Cells,,
Spaceflight-induced bone loss alters failure mode and reduces bending strength in murine spinal segments.,8,0.009515154,Microgravity & Stem Cells,,
Spaceflight-associated vascular remodeling and gene expression in mouse calvaria.,5,0.10405082,Neurobiology in Spaceflight,,
"Exposure of Mycobacterium marinum to low-shear modeled microgravity: Effect on growth, the transcriptome and survival under stress.",1,0.13648753,Spaceflight Microbiome Dynamics,,
Effects of mechanostimulation on gravitropism and signal persistence in flax roots.,2,0.07281341,Plant Growth & Signaling,,
Oxygen dependency of germinating Brassica seeds.,2,0.13244158,Plant Growth & Signaling,,
"Desiccation mitigates heat stress in the resurrection fern, Pleopeltis polypodioides",6,-0.06671575,Cellular Stress Responses,,
Transcription profile of auxin related genes during positively gravitropic hypocotyl curvature of Brassica rapa.,2,0.20420134,Plant Growth & Signaling,,
High-gradient magnetic fields and starch metabolism: Results from a space experiment.,5,0.025063274,Neurobiology in Spaceflight,,
Lipid rafts and plant gravisensitivity.,2,0.102315456,Plant Growth & Signaling,,
Expression and characterization of the bacterial mechanosensitive channel MscS in Xenopus laevis oocytes,6,0.032640386,Cellular Stress Responses,,
United in Diversity: Mechanosensitive Ion Channels in Plants,2,0.11690181,Plant Growth & Signaling,,
Expressing and Characterizing Mechanosensitive Channels in Xenopus Oocytes,6,-0.012831037,Cellular Stress Responses,,
The ongoing search for the molecular basis of plant osmosensing,2,0.16865765,Plant Growth & Signaling,,
Plastid osmotic stress influences cell differentiation at the plant shoot apex.,2,0.14852037,Plant Growth & Signaling,,
Spaceflight-induced synaptic modifications within hair cells of the mammalian utricle.,5,0.08576514,Neurobiology in Spaceflight,,
Effects of angular frequency during clinorotation on mesenchymal stem cell morphology and migration,8,0.053882282,Microgravity & Stem Cells,,
"The role of FGF-2 and BMP-2 in regulation of gene induction, cell proliferation and mineralization.",0,0.046222165,Skeletal & Musculoskeletal Biology,,
"Nutritional supplements, COX-2 and IGF-1 expression in men on active surveillance for prostate cancer.",0,0.02571544,Skeletal & Musculoskeletal Biology,,
To Infinity and Beyond! Human spaceflight and life science.,9,0.22537848,Space Omics & Exploration,,
Hyperoxia inhibits T cell activation in mice,6,-0.055257104,Cellular Stress Responses,,
"Effects of gravitational mechanical unloading in endothelial cells: association between caveolins, inflammation and adhesion molecules",8,0.056214187,Microgravity & Stem Cells,,
n-3 Polyunsaturated fatty acids supplementation in peripheral artery disease: the OMEGA-PAD trial,0,0.067253426,Skeletal & Musculoskeletal Biology,,
Molecular mechanisms underlying the enhanced functions of three-dimensional hepatocyte aggregates,6,0.04456503,Cellular Stress Responses,,
Spaceflight alters expression of microRNA during T-cell activation,5,0.14034162,Neurobiology in Spaceflight,,
Spaceflight impairs antigen-specific tolerance induction in vivo and increases inflammatory cytokines.,5,0.19106098,Neurobiology in Spaceflight,,
"From cellular mechanotransduction to biologically inspired engineering: 2009 Pritzker Award Lecture, BMES Annual Meeting October 10, 2009.",8,0.04320767,Microgravity & Stem Cells,,
Crewmember microbiome may influence microbial composition of ISS habitable surfaces,1,0.14890541,Spaceflight Microbiome Dynamics,,
Sierra Nevada sweep: Metagenomic measurements of bioaerosols vertically distributed across the troposphere.,1,-0.01897888,Spaceflight Microbiome Dynamics,,
Draft Genome Sequences of Fungi Isolated from the International Space Station during the Microbial Tracking-2 Experiment,4,0.24954373,Space Station Genomics,,
"Microbial tracking-2, a metagenomics analysis of bacteria and fungi onboard the International Space Station.",4,0.07627603,Space Station Genomics,,
Detection of Target Genes for Drug Repurposing to Treat Skeletal Muscle Atrophy in Mice Flown in Spaceflight,5,0.083540834,Neurobiology in Spaceflight,,
Release of CD36-associated cell-free mitochondrial DNA and RNA as a hallmark of space environment response,5,0.063524805,Neurobiology in Spaceflight,,
Increasing the number of unloading/reambulation cycles does not adversely impac body composition and lumbar bone mineral density but reduces tissue sensitivity,0,0.12140848,Skeletal & Musculoskeletal Biology,,
Bone shaft bending strength index is unaffected by exercise and unloading in mice,0,0.14197497,Skeletal & Musculoskeletal Biology,,
Focal enhancement of the skeleton to exercise correlates to mesenchymal stem cell responsivity rather than peak external forces.,8,0.026635045,Microgravity & Stem Cells,,
"Cytoskeletal configuration modulates mechanically induced changes in mesenchymal stem cell osteogenesis, morphology, and stiffness.",8,0.03768817,Microgravity & Stem Cells,,
Genetic and tissue level muscle-bone interactions during unloading and reambulation.,0,0.10988261,Skeletal & Musculoskeletal Biology,,
Osteocyte apoptosis caused by hindlimb unloading is required to trigger osteocyte RANKL production and subsequent resorption of cortical and trabecular bone in mice femurs.,0,0.174421,Skeletal & Musculoskeletal Biology,,
Differential Single Cell Responses of Embryonic Stem Cells Versus Embryoid Bodies to Gravity Mechanostimulation,8,0.1347314,Microgravity & Stem Cells,,
Macrophages inhibit Aspergillus fumigatus germination and neutrophil-mediated fungal killing.,6,-0.03203532,Cellular Stress Responses,,
Contributions of spore secondary metabolites to UV-C protection and virulence vary in different Aspergillus fumigatus strains,1,-0.05223073,Spaceflight Microbiome Dynamics,,
Regulation of hemocytes in Drosophila requires dappled cytochrome b5.,6,0.039946124,Cellular Stress Responses,,
A novel phototropic response to red light is revealed in microgravity.,8,0.027310401,Microgravity & Stem Cells,,
Plant cell proliferation and growth are altered by microgravity conditions in spaceflight.,2,0.076648116,Plant Growth & Signaling,,
Phototropism of Arabidopsis thaliana in microgravity and fractional gravity on the International Space Station.,2,0.15698059,Plant Growth & Signaling,,
Light and gravity signals synergize in modulating plant development,2,0.23384386,Plant Growth & Signaling,,
A novel blue-light phototropic response is revealed in roots of Arabidopsis thaliana in microgravity.,2,0.2269862,Plant Growth & Signaling,,
Comparative transcriptomics indicate changes in cell wall organization and stress response in seedlings during spaceflight,2,0.11243409,Plant Growth & Signaling,,
RNAseq analysis of the response of Arabidopsis thaliana to fractional gravity under blue-light stimulation during spaceflight,2,0.17195587,Plant Growth & Signaling,,
Comparison of Microgravity Analogs to Spaceflight in Studies of Plant Growth and Development,8,-0.04244754,Microgravity & Stem Cells,,
The importance of Earth reference controls in spaceflight-omics research: Characterization of nucleolin mutants from the Seedling Growth experiments,2,-0.00107708,Plant Growth & Signaling,,
Conducting plant experiments in space and on the Moon,2,-0.000755069,Plant Growth & Signaling,,
Red light enhances plant adaptation to spaceflight and Mars g-levels.,2,0.116395116,Plant Growth & Signaling,,
EUK-134 ameliorates nNOS¬µ translocation and skeletal muscle fiber atrophy during short-term mechanical unloading.,0,0.073417276,Skeletal & Musculoskeletal Biology,,
MnSOD Overexpression Reduces Fibrosis and Pro-Apoptotic Signaling in the Aging Mouse Heart,0,0.07972824,Skeletal & Musculoskeletal Biology,,
Lifelong wheel running exercise and mild caloric restriction attenuate nuclear EndoG in the aging plantaris muscle.,0,0.032313515,Skeletal & Musculoskeletal Biology,,
Age-related alterations in the sarcolemmal environment are attenuated by lifelong caloric restriction and voluntary exercise.,0,0.075012274,Skeletal & Musculoskeletal Biology,,
"The impact of SRT2104 on skeletal muscle mitochondrial function, redox biology, and loss of muscle mass in hindlimb unloaded rats.",0,0.11432633,Skeletal & Musculoskeletal Biology,,
Bioreactor development for skeletal muscle hypertrophy and atrophy by manipulating uniaxial cyclic strain: Proof of concept.,8,0.005519611,Microgravity & Stem Cells,,
Genomic and phenotypic characterization of Burkholderia isolates from the potable water system of the International Space Station,4,0.13597377,Space Station Genomics,,
CAMDLES: CFD-DEM Simulation of Microbial Communities in Spaceflight and Artificial Microgravity,1,0.16465618,Spaceflight Microbiome Dynamics,,
Hardware validation of the Advanced Plant Habitat on ISS: Canopy photosynthesis in reduced gravity.,2,0.075682946,Plant Growth & Signaling,,
Trimeric structure of (+)-pinoresinol-forming dirigent protein at 1.95 A resolution with three isolated active sites.,6,0.006467827,Cellular Stress Responses,,
Reduced Arogenate Dehydratase Expression: Ramifications for Photosynthesis and Metabolism,6,-0.07309059,Cellular Stress Responses,,
New insights into lignification via network and multi-omics analyses of arogenate dehydratase knock-out mutants in Arabidopsis thaliana,2,0.17776923,Plant Growth & Signaling,,
Functional consequences of radiation-induced oxidative stress in cultured neural stem cells and the brain exposed to charged particle irradiation,3,0.19161163,Space Radiation Biology,,
Exploration of space to achieve scientific breakthroughs,9,0.26531148,Space Omics & Exploration,,
Network Analysis of Gene Transcriptions of Arabidopsis thaliana in Spaceflight Microgravity.,2,0.11935275,Plant Growth & Signaling,,
Detection of Genes in Arabidopsis thaliana L. Responding to DNA Damage from Radiation and Other Stressors in Spaceflight,2,0.075208314,Plant Growth & Signaling,,
"The Effect of spaceflight on mouse olfactory bulb volume, neurogenesis, and cell death indicates the protective effect of novel environment.",5,0.15943088,Neurobiology in Spaceflight,,
"Effects of low-dose rate Œ≥-irradiation combined with simulated microgravity on markers of oxidative stress, DNA methylation potential, and remodeling in the mouse heart",3,0.19877386,Space Radiation Biology,,
Characterization of mouse ocular response to a 35-day spaceflight mission: Evidence of blood-retinal barrier disruption and ocular adaptations.,5,0.168043,Neurobiology in Spaceflight,,
Mice Exposed to Combined Chronic Low-Dose Irradiation and Modeled Microgravity Develop Long-Term Neurological Sequelae.,3,0.13771933,Space Radiation Biology,,
"Spaceflight influences gene expression, photoreceptor integrity, and oxidative stress-related damage in the murine retina.",5,0.12857452,Neurobiology in Spaceflight,,
Evaluating ocular response in the retina and optic nerve head after single and fractionated high-energy protons,6,-0.016392818,Cellular Stress Responses,,
Characterization of gene expression profiles in the mouse brain after 35 days of spaceflight mission.,5,0.18670762,Neurobiology in Spaceflight,,
A multi-omics longitudinal study of the murine retinal response to chronic low-dose irradiation and simulated microgravity.,3,0.11459305,Space Radiation Biology,,
Evidence of spaceflight-induced adverse effects on photoreceptors and retinal function in the mouse eye.,5,0.13971986,Neurobiology in Spaceflight,,
Effects of spaceflight on the brain,5,0.098668166,Neurobiology in Spaceflight,,
Routine omics collection is a golden opportunity for European human research in space and analog environments.,9,0.2659254,Space Omics & Exploration,,
Spatial omics technologies at multimodal and single cell/subcellular level.,9,0.11025176,Space Omics & Exploration,,
Genomic characterization and radiation tolerance of Naganishia kalamii sp. nov. and Cystobasidium onofrii sp. nov. from Mars 2020 mission assembly facilities.,4,0.14886127,Space Station Genomics,,
"Genome and clonal hematopoiesis stability contrasts with immune, cfDNA, mitochondrial, and telomere length changes during short duration spaceflight",5,0.11999502,Neurobiology in Spaceflight,,
Molecular and physiologic changes in the SpaceX Inspiration4 civilian crew,5,0.06837176,Neurobiology in Spaceflight,,
Telomeric RNA (TERRA) increases in response to spaceflight and high-altitude climbing,5,0.07996685,Neurobiology in Spaceflight,,
Spatial multi-omics of human skin reveals KRAS and inflammatory responses to spaceflight,5,0.09185829,Neurobiology in Spaceflight,,
Longitudinal multi-omics analysis of host microbiome architecture and immune responses during short-term spaceflight,1,0.071261056,Spaceflight Microbiome Dynamics,,
Spatiotemporal expression and control of haemoglobin in space,6,-0.06447817,Cellular Stress Responses,,
"Single-cell multi-ome and immune profiles of the Inspiration4 crew reveal conserved, cell-type, and sex-specific responses to spaceflight",5,0.09986045,Neurobiology in Spaceflight,,
Single-cell analysis identifies conserved features of immune dysfunction in simulated microgravity and spaceflight,5,0.11831195,Neurobiology in Spaceflight,,
The Space Omics and Medical Atlas (SOMA) and international astronaut biobank,9,0.23276275,Space Omics & Exploration,,
"Secretome profiling reveals acute changes in oxidative stress, brain homeostasis, and coagulation following short-duration spaceflight",5,0.15154885,Neurobiology in Spaceflight,,
Astronaut omics and the impact of space on the human body at scale,9,0.10886052,Space Omics & Exploration,,
Transcriptomics analysis reveals molecular alterations underpinning spaceflight dermatology.,5,0.095807314,Neurobiology in Spaceflight,,
"Cosmic kidney disease: an integrated pan-omic, physiological and morphological study into spaceflight-induced renal dysfunction",5,0.03141276,Neurobiology in Spaceflight,,
Spaceflight induces changes in gene expression profiles linked to insulin and estrogen,5,0.1611755,Neurobiology in Spaceflight,,
Protective alleles and precision healthcare in crewed spaceflight,5,-0.01941109,Neurobiology in Spaceflight,,
To boldly go where no microRNAs have gone before: Spaceflight impact on risk for small-for-gestational-age infants,5,0.07261724,Neurobiology in Spaceflight,,
Growth chambers on the International Space Station for large plants,2,0.021751089,Plant Growth & Signaling,,
Microbiological and nutritional analysis of lettuce crops grown on the International Space Station,1,0.036867235,Spaceflight Microbiome Dynamics,,
Natural variation in the expression of ORGANIC CATION TRANSPORTER 1 affects root length responses to cadaverine in Arabidopsis.,2,0.25031996,Plant Growth & Signaling,,
Auxin: Shape matters.,2,0.1117346,Plant Growth & Signaling,,
Gravity signaling in flowering plant roots,2,0.2209158,Plant Growth & Signaling,,
Cadaverine regulates biotin synthesis to modulate primary root growth in Arabidopsis,2,0.25185698,Plant Growth & Signaling,,
Low-speed clinorotation of Brachypodium distachyon and Arabidopsis thaliana seedlings triggers root tip curvatures that are reminiscent of gravitropism.,2,0.18724366,Plant Growth & Signaling,,
New device for high-throughput viability screening of flow biofilms,1,0.049880352,Spaceflight Microbiome Dynamics,,
Sigma S-dependent antioxidant defense protects stationary-phase Escherichia coli against the bactericidal antibiotic gentamicin,1,0.0763664,Spaceflight Microbiome Dynamics,,
Plasma membrane disruption (PMD) formation and repair in mechanosensitive tissues,6,-0.030938396,Cellular Stress Responses,,
Microgravity alters the expression of salivary proteins,8,0.045272183,Microgravity & Stem Cells,,
Salivary Gland Protein Expression after Bion-M1 and Space Shuttle STS-135 Missions,5,0.07234958,Neurobiology in Spaceflight,,
Response of the mouse sublingual gland to spaceflight.,5,0.16207746,Neurobiology in Spaceflight,,
Effects of spaceflight on the mouse submandibular gland,5,0.10395998,Neurobiology in Spaceflight,,
"Reactivation of Latent Epstein-Barr Virus: A Comparison after Exposure to Gamma, Proton, Carbon, and Iron Radiation",3,0.12192964,Space Radiation Biology,,
The influence of spaceflight on the astronaut salivary microbiome and the search for a microbiome biomarker for viral reactivation,1,0.07728321,Spaceflight Microbiome Dynamics,,
The cyclic nucleotide-gated channel CNGC14 regulates root gravitropism in Arabidopsis thaliana.,2,0.266814,Plant Growth & Signaling,,
Telomere length assessments of muscle stem cells in rodent and human skeletal muscle sections,0,0.028894814,Skeletal & Musculoskeletal Biology,,
Persistent NF-Œ∫B activation in muscle stem cells induces proliferation-independent telomere shortening,0,0.011348334,Skeletal & Musculoskeletal Biology,,
Piezo1 regulates the regenerative capacity of skeletal muscles via orchestration of stem cell morphological states.,0,0.012877356,Skeletal & Musculoskeletal Biology,,
"Impacts of radiation exposure, hindlimb unloading, and recovery on murine skeletal muscle cell telomere length.",3,0.059632663,Space Radiation Biology,,
Ethylene-induced flavonol accumulation in guard cells suppresses reactive oxygen species and modulates stomatal aperture,2,0.089760385,Plant Growth & Signaling,,
Transcriptional and Hormonal Regulation of Gravitropism of Woody Stems in Populus.,2,0.18774158,Plant Growth & Signaling,,
Endosidin2 targets conserved exocyst complex subunit EXO70 to inhibit exocytosis,6,0.021563416,Cellular Stress Responses,,
"A conditional mutation in SCD1 reveals linkage between PIN protein trafficking, auxin transport, gravitropism, and lateral root initiation.",2,0.101341486,Plant Growth & Signaling,,
"A comprehensive SARS-CoV-2 and COVID-19 review, Part 1: Intracellular overdrive for SARS-CoV-2 infection.",6,0.010172046,Cellular Stress Responses,,
Changes in nuclear shape and gene expression in response to simulated microgravity are LINC complex-dependent.,8,0.030265609,Microgravity & Stem Cells,,
"Growth of Carnobacterium spp. from permafrost under low pressure, temperature, and anoxic atmosphere has implications for Earth microbes on Mars",1,0.05960095,Spaceflight Microbiome Dynamics,,
Complete Genome Sequence of Carnobacterium gilichinskyi Strain WN1359T (DSM 27470T),4,0.2130572,Space Station Genomics,,
"Exposure of Bacillus subtilis to low pressure (5 kilopascals) induces several global regulons, including those involved in the SigB-mediated general stress response",1,0.083293274,Spaceflight Microbiome Dynamics,,
"Resistance of Bacillus subtilis Spore DNA to Lethal Ionizing Radiation Damage Relies Primarily on Spore Core Components and DNA Repair, with Minor Effects of Oxygen Radical Detoxification",3,0.05149037,Space Radiation Biology,,
Cultivation of Staphylococcus epidermidis in the human spaceflight environment leads to alterations in the frequency and spectrum of spontaneous rifampicin-resistance mutations in the rpoB gene,1,0.046209067,Spaceflight Microbiome Dynamics,,
Experimental Evolution of Bacillus subtilis,1,-0.002820825,Spaceflight Microbiome Dynamics,,
Cultivation in space flight produces minimal alterations in the susceptibility of Bacillus subtilis cells to 72 different antibiotics and growth-inhibiting compounds,1,0.11644103,Spaceflight Microbiome Dynamics,,
Alterations in the Spectrum of Spontaneous Rifampicin-Resistance Mutations in the Bacillus subtilis rpoB Gene after Cultivation in the Human Spaceflight Environment,1,0.038500667,Spaceflight Microbiome Dynamics,,
Mechanotransduction in Prokaryotes: A Possible Mechanism of Spaceflight Adaptation,8,-0.012818151,Microgravity & Stem Cells,,
Environmental dependence of competitive fitness in rifampin-resistant rpoB mutants of Bacillus subtilis.,6,-0.07465526,Cellular Stress Responses,,
Analysis of interactions of Salmonella type three secretion mutants with 3-D intestinal epithelial cells.,6,-0.012990476,Cellular Stress Responses,,
Organotypic 3D cell culture models: using the rotating wall vessel to study host-pathogen interactions.,6,-0.061212327,Cellular Stress Responses,,
Induction of attachment-independent biofilm formation and repression of Hfq expression by low-fluid-shear culture of Staphylococcus aureus,6,-0.05697494,Cellular Stress Responses,,
Characterization of the Salmonella enterica serovar Typhimurium ydcI gene which encodes a conserved DNA binding protein required for full acid stress resistance.,6,-0.08879394,Cellular Stress Responses,,
Evaluation of microorganisms cultured from injured and repressed tissue regeneration sites in endangered giant aquatic Ozark Hellbender salamanders.,1,0.052183207,Spaceflight Microbiome Dynamics,,
Transcriptional and proteomic responses of Pseudomonas aeruginosa PAO1 to spaceflight conditions involve Hfq regulation and reveal a role for oxygen.,1,0.026211288,Spaceflight Microbiome Dynamics,,
New insights into the bacterial fitness-associated mechanisms revealed by the characterization of large plasmids of an avian pathogenic E. coli,6,-0.07090425,Cellular Stress Responses,,
Lack of norovirus replication and histo-blood group antigen expression in 3-dimensional intestinal epithelial cells,6,0.04947464,Cellular Stress Responses,,
Conservation of the low-shear modeled microgravity response in Enterobacteriaceae and analysis of the trp genes in this response.,1,0.070020154,Spaceflight Microbiome Dynamics,,
Mimicking the host and its microenvironment in vitro for studying mucosal infections by Pseudomonas aeruginosa.,1,0.13741137,Spaceflight Microbiome Dynamics,,
Effects of Sex and Gender on Adaptation to Space: Immune System,5,0.10280602,Neurobiology in Spaceflight,,
Recellularization of decellularized lung scaffolds is enhanced by dynamic suspension culture.,6,-0.03191812,Cellular Stress Responses,,
Three-dimensional organotypic co-culture model of intestinal epithelial cells and macrophages to study Salmonella enterica colonization patterns.,1,0.072522074,Spaceflight Microbiome Dynamics,,
Modeling Host-Pathogen Interactions in the Context of the Microenvironment: 3-D Cell Culture Comes of Age.,1,0.08876704,Spaceflight Microbiome Dynamics,,
Evaluating the effect of spaceflight on the host‚Äìpathogen interaction between human intestinal epithelial cells and Salmonella Typhimurium,1,0.025568914,Spaceflight Microbiome Dynamics,,
Rapid phenotypic response of LSMMG-'primed' Candida albicans.,6,-0.057416685,Cellular Stress Responses,,
Spaceflight enhances cell aggregation and random budding in Candida albicans.,1,0.005946483,Spaceflight Microbiome Dynamics,,
"Growth and antifungal resistance of the pathogenic yeast, Candida albicans, in the microgravity environment of the International Space Station: An aggregate of multiple flight experiences.",1,0.07597956,Spaceflight Microbiome Dynamics,,
Challenges and considerations for single-cell and spatially resolved transcriptomics sample collection during spaceflight.,5,0.026204571,Neurobiology in Spaceflight,,
Direct RNA sequencing of astronaut blood reveals spaceflight-associated m6A increases and hematopoietic transcriptional responses,5,0.12138133,Neurobiology in Spaceflight,,
Collection of biospecimens from the inspiration4 mission establishes the standards for the space omics and medical atlas (SOMA),9,0.1865884,Space Omics & Exploration,,
Microfluidics-enabled method to identify modes of Caenorhabditis elegans paralysis in four anthelmintics.,7,0.31384295,C. elegans Model Systems,,
Multiparameter behavioral analyses provide insights to mechanisms of cyanide resistance in Caenorhabditis elegans.,7,0.24537055,C. elegans Model Systems,,
Growth performance and root transcriptome remodeling of Arabidopsis in response to Mars-like levels of magnesium sulfate.,2,0.19578284,Plant Growth & Signaling,,
The 14-3-3 proteins of Arabidopsis regulate root growth and chloroplast development as components of the photosensory system.,2,0.26616836,Plant Growth & Signaling,,
14-3-3 phosphoprotein interaction networks - does isoform diversity present functional interaction specification?,6,0.037618283,Cellular Stress Responses,,
Plant growth strategies are remodeled by spaceflight,2,0.06456396,Plant Growth & Signaling,,
Spaceflight transcriptomes: unique responses to a novel environment.,5,0.06727022,Neurobiology in Spaceflight,,
Fundamental plant biology enabled by the space shuttle.,2,0.09681099,Plant Growth & Signaling,,
Organ-specific remodeling of the Arabidopsis transcriptome in response to spaceflight.,2,0.19956717,Plant Growth & Signaling,,
A method for preparing spaceflight RNAlater-fixed Arabidopsis thaliana (Brassicaceae) tissue for scanning electron microscopy.,2,0.14507474,Plant Growth & Signaling,,
ARG1 Functions in the Physiological Adaptation of Undifferentiated Plant Cells to Spaceflight,2,0.12728956,Plant Growth & Signaling,,
A Member of the CONSTANS-Like Protein Family is a Putative Regulator of ROS Homeostasis and Spaceflight Physiological Adaptation,5,0.08448712,Neurobiology in Spaceflight,,
HSFA2 Functions in the Physiological Adaptation of Undifferentiated Plant Cells to Spaceflight.,2,0.06841564,Plant Growth & Signaling,,
Neutrophil to Lymphocyte ratio: A biomarker to monitor the immune status of astronauts.,5,0.073686324,Neurobiology in Spaceflight,,
Beyond low-Earth orbit: Characterizing immune and microRNA differentials following simulated deep spaceflight conditions in mice.,5,0.18985014,Neurobiology in Spaceflight,,
Immunological and hematological outcomes following protracted low dose/low dose rate ionizing radiation and simulated microgravity,3,0.20851003,Space Radiation Biology,,
Epigenomic regulators elongator complex subunit 2 and methyltransferase 1 differentially condition the spaceflight response in Arabidopsis,2,0.23449862,Plant Growth & Signaling,,
Plants grown in Apollo lunar regolith present stress-associated transcriptomes that inform prospects for lunar exploration,2,0.113591276,Plant Growth & Signaling,,
Artificial gravity partially protects space-induced neurological deficits in Drosophila melanogaster.,8,-0.008664292,Microgravity & Stem Cells,,
Utilizing the KSC fixation tube to conduct human-tended plant biology experiments on a suborbital spaceflight,2,0.01062476,Plant Growth & Signaling,,
Changes in Mouse Thymus and Spleen after Return from the STS-135 Mission in Space,5,0.06917428,Neurobiology in Spaceflight,,
Post-Spaceflight (STS-135) Mouse Splenocytes Demonstrate Altered Activation Properties and Surface Molecule Expression.,5,0.15994906,Neurobiology in Spaceflight,,
Changes in the distribution and function of leukocytes after whole-body iron ion irradiation.,3,0.12959856,Space Radiation Biology,,
Is spaceflight-induced immune dysfunction linked to systemic changes in metabolism?,5,0.15806851,Neurobiology in Spaceflight,,
Spaceflight Activates Autophagy Programs and the Proteasome in Mouse Liver,5,0.17941673,Neurobiology in Spaceflight,,
Vive la radior√©sistance!: Converging research in radiobiology and biogerontology to enhance human radioresistance for deep space exploration and colonization.,3,0.068689786,Space Radiation Biology,,
Proteomic analysis of mouse brain subjected to spaceflight.,5,0.19222711,Neurobiology in Spaceflight,,
Transcriptomic effects on the mouse heart following 30 days on the International Space Station.,5,0.14955397,Neurobiology in Spaceflight,,
Spaceflight-induced gene expression profiles in the mouse brain are attenuated by treatment with the antioxidant BuOE,5,0.19024411,Neurobiology in Spaceflight,,
Basal signaling regulates plant growth and development,2,0.2304236,Plant Growth & Signaling,,
Phosphoinositide-signaling is one component of a robust plant defense response,2,0.1783725,Plant Growth & Signaling,,
Uncovering transcriptional responses to fractional gravity in Arabidopsis roots,2,0.25612757,Plant Growth & Signaling,,
Conserved plant transcriptional responses to microgravity from two consecutive spaceflight experiments.,2,0.1570158,Plant Growth & Signaling,,
RNAseq analysis of rodent spaceflight experiments is confounded by sample collection techniques,5,0.10149697,Neurobiology in Spaceflight,,
Functional changes in the snail statocyst system elicited by microgravity,8,0.054067165,Microgravity & Stem Cells,,
Simulated microgravity impairs human NK [natural killer] cell cytotoxic activity against space radiation-relevant leukemic cells,3,0.1131961,Space Radiation Biology,,
Multi-analyte biochip (MAB) based on all-solid-state ion-selective electrodes (ASSISE) for physiological research,6,0.007213573,Cellular Stress Responses,,
Lab-on-a-chip approaches for space-biology research.,9,0.19321531,Space Omics & Exploration,,
Plant chemical genomics: gravity sensing and response.,2,0.1547178,Plant Growth & Signaling,,
The interaction of vortical flows with red cells in venous valve mimics.,6,0.024645064,Cellular Stress Responses,,
Mammalian and Invertebrate Models as Complementary Tools for Gaining Mechanistic Insight on Muscle Responses to Spaceflight,8,-0.012477908,Microgravity & Stem Cells,,
Investigation of simulated microgravity effects on Streptococcus mutans physiology and global gene expression.,1,0.11299555,Spaceflight Microbiome Dynamics,,
Altered quorum sensing and physiology of Staphylococcus aureus during spaceflight detected by multi-omics data analysis,1,0.087382786,Spaceflight Microbiome Dynamics,,
Homotypic vacuole fusion requires VTI11 and is regulated by phosphoinositides,6,0.02306284,Cellular Stress Responses,,
REGULATOR OF BULB BIOGENESIS1 (RBB1) Is Involved in Vacuole Bulb Formation in Arabidopsis.,2,0.23208383,Plant Growth & Signaling,,
"Phosphoinositides control the localization of HOPS subunit VPS41, which together with VPS33 mediates vacuole fusion in plants.",2,0.12905607,Plant Growth & Signaling,,
Microgravity enhances the phenotype of Arabidopsis zigzag-1 and reduces the Wortmannin-induced vacuole fusion in root cells.,2,0.17201976,Plant Growth & Signaling,,
Hypergravity disruption of homeorhetic adaptations to lactation in rat dams include changes in circadian clocks,8,0.051030073,Microgravity & Stem Cells,,
Intrauterine exposure to maternal stress alters Bdnf IV DNA methylation and telomere length in the brain of adult rat offspring.,5,0.02499965,Neurobiology in Spaceflight,,
Influence of gonadectomy on muscle health in micro- and partial-gravity environments in rats.,8,-0.008553864,Microgravity & Stem Cells,,
Sex differences in muscle health in simulated micro- and partial-gravity environments in rats.,8,0.013747589,Microgravity & Stem Cells,,
Brassinazole resistant 1 (BZR1)-dependent brassinosteroid signalling pathway leads to ectopic activation of quiescent cell division and suppresses columella stem cell differentiation,2,0.12322973,Plant Growth & Signaling,,
Proteomic study of microsomal proteins reveals a key role for Arabidopsis Annexin 1 in mediating heat stress-induced increase in intracellular calcium levels.,2,0.14973032,Plant Growth & Signaling,,
Apyrase inhibitors enhance the ability of diverse fungicides to inhibit the growth of different plant-pathogenic fungi,6,-0.055331543,Cellular Stress Responses,,
ANN1 and ANN2 Function in Post-Phloem Sugar Transport in Root Tips to Affect Primary Root Growth,2,0.20617764,Plant Growth & Signaling,,
Mitochondria-targeted human catalase in the mouse longevity MCAT model mitigates head-tilt bedrest-induced neuro-inflammation in the hippocampus.,5,0.040287256,Neurobiology in Spaceflight,,
Structural and functional properties of bone are compromised in amyotrophic lateral sclerosis mice.,0,0.110809274,Skeletal & Musculoskeletal Biology,,
Longitudinal time course of muscle impairments during partial weight-bearing in rats,0,0.11305902,Skeletal & Musculoskeletal Biology,,
The partial weight-bearing rat model using a pelvic harness does not impact stress or hindlimb blood flow.,0,0.07927954,Skeletal & Musculoskeletal Biology,,
Dose-dependent skeletal deficits due to varied reductions in mechanical loading in rats.,0,0.13668868,Skeletal & Musculoskeletal Biology,,
Approaching Gravity as a Continuum Using the Rat Partial Weight-Bearing Model,8,0.09268732,Microgravity & Stem Cells,,
Hindlimb suspension in Wistar rats: Sex-based differences in muscle response,0,0.079362676,Skeletal & Musculoskeletal Biology,,
Adaptation to full weight-bearing following disuse in rats: The impact of biological sex on musculoskeletal recovery,0,0.11245127,Skeletal & Musculoskeletal Biology,,
Effects of liquid cultivation on gene expression and phenotype of C. elegans.,7,0.2680474,C. elegans Model Systems,,
Transcriptomic Signature of the Simulated Microgravity Response in Caenorhabditis elegans and Comparison to Spaceflight Experiments.,7,0.2029356,C. elegans Model Systems,,
Enabling clonal analyses of yeast in outer space by encapsulation and desiccation in hollow microparticles.,6,-0.063759275,Cellular Stress Responses,,
Caenorhabditis elegans in microgravity: An omics perspective,7,0.2508159,C. elegans Model Systems,,
Dried plum diet protects from bone loss caused by ionizing radiation,3,0.08683306,Space Radiation Biology,,
Dietary countermeasure mitigates simulated spaceflight-induced osteopenia in mice,0,0.003746208,Skeletal & Musculoskeletal Biology,,
Simulated microgravity alters gene regulation linked to immunity and cardiovascular disease,8,-0.01069495,Microgravity & Stem Cells,,
Autophagy and its consequences for platelet biology,6,0.028323516,Cellular Stress Responses,,
A new role of NAP1L1 in megakaryocytes and human platelets,6,0.06800494,Cellular Stress Responses,,
Evaluation of rodent spaceflight in the NASA animal enclosure module for an extended operational period (up to 35 days),5,0.043802716,Neurobiology in Spaceflight,,
Morphology of Penicillium rubens Biofilms Formed in Space,1,0.02106659,Spaceflight Microbiome Dynamics,,
Explainable machine learning identifies multi-omics signatures of muscle response to spaceflight in mice,5,0.036831576,Neurobiology in Spaceflight,,
Microbial adaptation to spaceflight is correlated with bacteriophage-encoded functions,1,0.12825023,Spaceflight Microbiome Dynamics,,
Influence of the spaceflight environment on macrophage lineages,5,0.069643706,Neurobiology in Spaceflight,,
MARSBOx: Fungal and bacterial endurance from a balloon-flown analog mission in the stratosphere,1,0.07689772,Spaceflight Microbiome Dynamics,,
In situ linkage of fungal and bacterial proliferation to microbiologically influenced corrosion in B20 biodiesel storage tanks.,1,0.044342496,Spaceflight Microbiome Dynamics,,
"Identification of metagenome-assembled genomes containing antimicrobial resistance genes, isolated from an advanced water treatment facility.",4,0.13700286,Space Station Genomics,,
Nature of pre-earthquake phenomena and their effects on living organisms,8,0.004377621,Microgravity & Stem Cells,,
The rapid diagnosis and effective inhibition of coronavirus using spike antibody attached gold nanoparticles,6,0.041225698,Cellular Stress Responses,,
Blocking SARS-CoV-2 Delta variant (B.1.617.2) spike protein receptor-binding domain binding with the ACE2 receptor of the host cell and inhibiting virus infections using human host defense peptide-conjugated graphene quantum dots.,6,0.046221286,Cellular Stress Responses,,
Safety and pharmacokinetics of intranasally administered heparin,6,0.004370804,Cellular Stress Responses,,
Inhibition of SARS-CoV-2 wild-type (Wuhan-Hu-1) and Delta (B.1.617.2) strains by marine sulfated glycans.,6,-0.038604002,Cellular Stress Responses,,
Inhibition of Cytomegalovirus by Pentacta pygmaea Fucosylated Chondroitin Sulfate Depends on Its Molecular Weight,6,0.02646392,Cellular Stress Responses,,
Effect of simulated cosmic radiation on cytomegalovirus reactivation and lytic replication,3,0.12756425,Space Radiation Biology,,
A Tissue Retrieval and Postharvest Processing Regimen for Rodent Reproductive Tissues Compatible with Long-Term Storage on the International Space Station and Postflight Biospecimen Sharing Program,5,0.047179304,Neurobiology in Spaceflight,,
Effects of sex and gender on adaptations to space: reproductive health,5,0.04386169,Neurobiology in Spaceflight,,
Effects of spaceflight on the muscles of the murine shoulder.,8,-0.031663585,Microgravity & Stem Cells,,
Multiscale effects of spaceflight on murine tendon and bone,8,0.035915203,Microgravity & Stem Cells,,
Reproducible changes in the gut microbiome suggest a shift in microbial and host metabolism during spaceflight.,1,0.1432902,Spaceflight Microbiome Dynamics,,
Failure to Generate Bone Marrow Adipocytes Does Not Protect Mice from Ovariectomy-Induced Osteopenia,0,0.15770006,Skeletal & Musculoskeletal Biology,,
Acute exposure to high dose gamma-radiation results in transient activation of bone lining cells,3,0.18407564,Space Radiation Biology,,
Morbid obesity attenuates the skeletal abnormalities associated with leptin deficiency in mice,0,0.17849746,Skeletal & Musculoskeletal Biology,,
Hypothalamic leptin gene therapy reduces body weight without accelerating age-related bone loss,0,0.19538783,Skeletal & Musculoskeletal Biology,,
Hypothalamic Leptin Gene Therapy Reduces Bone Marrow Adiposity in ob/ob Mice Fed Regular and High-Fat Diets.,0,0.134461,Skeletal & Musculoskeletal Biology,,
Room temperature housing results in premature cancellous bone loss in growing female mice: implications for the mouse as a preclinical model for age-related bone loss.,0,0.16852556,Skeletal & Musculoskeletal Biology,,
Spaceflight-induced vertebral bone loss in ovariectomized rats is associated with increased bone marrow adiposity and no change in bone formation,0,0.08674043,Skeletal & Musculoskeletal Biology,,
Role of oestrogen receptor signaling in skeletal response to leptin in female ob/ob mice.,0,0.1668731,Skeletal & Musculoskeletal Biology,,
Effects of hypothalamic leptin gene therapy on osteopetrosis in leptin-deficient mice.,0,0.14775203,Skeletal & Musculoskeletal Biology,,
Leptin stimulates bone formation in ob/ob mice at doses having minimal impact on energy metabolism.,0,0.18637228,Skeletal & Musculoskeletal Biology,,
Bone Marrow Adipose Tissue Deficiency Increases Disuse-Induced Bone Loss in Male Mice,0,0.22239569,Skeletal & Musculoskeletal Biology,,
Metabolic Coupling Between Bone Marrow Adipose Tissue and Hematopoiesis,0,0.09488333,Skeletal & Musculoskeletal Biology,,
Maintenance of near normal bone mass and architecture in lethally irradiated female mice following adoptive transfer with as few as 750 purified hematopoietic stem cells.,0,-0.025932606,Skeletal & Musculoskeletal Biology,,
Effect of leptin deficiency on the skeletal response to hindlimb unloading in adult male mice.,0,0.18790527,Skeletal & Musculoskeletal Biology,,
Thermoneutral housing attenuates premature cancellous bone loss in male C57BL/6J mice,0,0.17675076,Skeletal & Musculoskeletal Biology,,
Effects of Spaceflight on Cancellous and Cortical Bone in Proximal Femur in Growing Rats,8,-0.007939713,Microgravity & Stem Cells,,
Evidence for increased thermogenesis in female C57BL/6J mice housed aboard the international space station,5,0.07459852,Neurobiology in Spaceflight,,
Leptin and environmental temperature as determinants of bone marrow adiposity in female mice,0,0.1510355,Skeletal & Musculoskeletal Biology,,
Small changes in thermoregulation influence cancellous bone turnover balance in distal femur metaphysis in growing female mice,0,0.1592669,Skeletal & Musculoskeletal Biology,,
Bone Marrow Adipose Tissue Is Not Required for Reconstitution of the Immune System Following Irradiation in Male Mice,0,0.012703272,Skeletal & Musculoskeletal Biology,,
Simulated Microgravity Promotes Horizontal Gene Transfer of Antimicrobial Resistance Genes between Bacterial Genera in the Absence of Antibiotic Selective Pressure,1,0.089141965,Spaceflight Microbiome Dynamics,,
Understanding the Complexities and Changes of the Astronaut Microbiome for Successful Long-Duration Space Missions,1,0.17022368,Spaceflight Microbiome Dynamics,,
Toward sustainable space exploration: a roadmap for harnessing the power of microorganisms.,1,0.059179824,Spaceflight Microbiome Dynamics,,
Roll maneuvers are essential for active reorientation of Caenorhabditis elegans in 3D media,7,0.30331373,C. elegans Model Systems,,
Microfluidic Device for Studying Nematodes,7,0.12240495,C. elegans Model Systems,,
NemaFlex: A microfluidics-based technology for standardized measurement of muscular strength of C. elegans.,7,0.31122458,C. elegans Model Systems,,
"Swim exercise in Caenorhabditis elegans extends neuromuscular and gut healthspan, enhances learning ability, and protects against neurodegeneration",7,0.2759325,C. elegans Model Systems,,
Molecular muscle experiment: Hardware and operational lessons for future astrobiology space experiments,9,0.13900954,Space Omics & Exploration,,
Tart Cherry Increases Lifespan in Caenorhabditis elegans by Altering Metabolic Signaling Pathways,7,0.12446467,C. elegans Model Systems,,
A region of UNC-89 (obscurin) lying between two protein kinase domains is a highly elastic spring required for proper sarcomere organization,6,0.04865578,Cellular Stress Responses,,
NemaLife chip: a micropillar-based microfluidic culture device optimized for aging studies in crawling C. elegans,7,0.33114406,C. elegans Model Systems,,
Spaceflight affects neuronal morphology and alters transcellular degradation of neuronal debris in adult Caenorhabditis elegans,7,0.16813047,C. elegans Model Systems,,
Microfluidics-integrated spaceflight hardware for measuring muscle strength of Caenorhabditis elegans on the International Space Station.,7,0.29124323,C. elegans Model Systems,,
A Compact Imaging Platform for Conducting C. elegans Phenotypic Assays on Earth and in Spaceflight.,7,0.2786017,C. elegans Model Systems,,
Mitochondrial sulfide promotes life span and health span through distinct mechanisms in developing versus adult treated Caenorhabditis elegans.,7,0.21519713,C. elegans Model Systems,,
Bisphosphonates attenuate age-related muscle decline in Caenorhabditis elegans.,7,0.20437433,C. elegans Model Systems,,
Spaceflight Induces Strength Decline in Caenorhabditis elegans,7,0.27851135,C. elegans Model Systems,,
Metabolic model predictions enable targeted microbiome manipulation through precision prebiotics.,1,0.06617745,Spaceflight Microbiome Dynamics,,
Identification and characterization of a skin microbiome on Caenorhabditis elegans suggests environmental microbes confer cuticle protection,7,0.06073737,C. elegans Model Systems,,
Protein kinase 2 of the giant sarcomeric protein UNC-89 regulates mitochondrial morphology and function,6,0.048998576,Cellular Stress Responses,,
New perspectives on viable microbial communities in low-biomass cleanroom environments,1,0.121266514,Spaceflight Microbiome Dynamics,,
Microbial existence in controlled habitats and their resistance to space conditions,1,0.112130776,Spaceflight Microbiome Dynamics,,
Microbiomes of the dust particles collected from the International Space Station and Spacecraft assembly facilities,1,0.08987055,Spaceflight Microbiome Dynamics,,
"Draft genome sequences of two Aspergillus fumigatus strains, isolated from the International Space Station",4,0.2833715,Space Station Genomics,,
Characterization of Aspergillus fumigatus isolates from air and surfaces of the International Space Station.,4,0.091862164,Space Station Genomics,,
Draft genome sequences of biosafety level 2 opportunistic pathogens isolated from the environmental surfaces of the International Space Station.,4,0.22506596,Space Station Genomics,,
Draft Genome Sequences of Several Fungal Strains Selected for Exposure to Microgravity at the International Space Station.,4,0.15036026,Space Station Genomics,,
Human presence impacts fungal diversity of inflated lunar/Mars analog habitat.,1,0.032937974,Spaceflight Microbiome Dynamics,,
Whole metagenome profiles of particulates collected from the International Space Station,1,-0.001604847,Spaceflight Microbiome Dynamics,,
Microbial Characteristics of ISS Environmental Surfaces,1,0.08570633,Spaceflight Microbiome Dynamics,,
"Draft Genome Sequences from a Novel Clade of Bacillus cereus Sensu Lato Strains, Isolated from the International Space Station.",4,0.22755592,Space Station Genomics,,
Draft Genome Sequences of Acinetobacter and Bacillus Strains Isolated from Spacecraft-Associated Surfaces,4,0.16736773,Space Station Genomics,,
KatharoSeq enables high-throughput microbiome analysis from low-biomass samples,1,0.04634259,Spaceflight Microbiome Dynamics,,
Draft genome sequence of a clinical isolate of Fusarium fujikuroi isolated from a male patient with acute myeloid leukemia.,4,0.20568927,Space Station Genomics,,
"Draft Genome Sequence of Solibacillus kalamii, Isolated from an Air Filter Aboard the International Space Station",4,0.22054861,Space Station Genomics,,
Detection of antimicrobial resistance genes associated with the International Space Station environmental surfaces,1,-0.023436157,Spaceflight Microbiome Dynamics,,
Draft genome sequences of two Fusarium oxysporum isolates cultured from infected Zinnia hybrida plants grown on the International Space Station.,4,0.22157054,Space Station Genomics,,
Characterization of Aspergillus niger Isolated from the International Space Station,4,0.16191266,Space Station Genomics,,
Multi-drug resistant Enterobacter bugandensis species isolated from the International Space Station and comparative genomic analyses with human pathogenic strains,4,0.071003914,Space Station Genomics,,
Succession and persistence of microbial communities and antimicrobial resistance genes associated with International Space Station environmental surfaces,1,-0.0028954,Spaceflight Microbiome Dynamics,,
"International Space Station conditions alter genomics, proteomics, and metabolomics in Aspergillus nidulans.",4,0.118672505,Space Station Genomics,,
Proteomic characterization of Aspergillus fumigatus isolated from air and surfaces of the International Space Station.,4,0.122377545,Space Station Genomics,,
Genomic Characterization and Virulence Potential of Two Fusarium oxysporum Isolates Cultured from the International Space Station,4,0.15031211,Space Station Genomics,,
Characterization of the total and viable bacterial and fungal communities associated with the International Space Station surfaces.,1,0.022606142,Spaceflight Microbiome Dynamics,,
Proteomic and Metabolomic Characteristics of Extremophilic Fungi Under Simulated Mars Conditions.,4,0.059082694,Space Station Genomics,,
MetaMiner: A Scalable Peptidogenomics Approach for Discovery of Ribosomal Peptide Natural Products with Blind Modifications from Microbial Communities,6,-0.065073855,Cellular Stress Responses,,
Draft Genome Sequences of Sphingomonas Species Associated with the International Space Station,4,0.270889,Space Station Genomics,,
Draft Genome Sequences of Tremellomycetes Strains Isolated from the International Space Station,4,0.28608465,Space Station Genomics,,
Draft Genome Sequences of Rhodotorula mucilaginosa Strains Isolated from the International Space Station,4,0.28465915,Space Station Genomics,,
Draft Genome Sequences of Enterobacteriales Strains Isolated from the International Space Station,4,0.20289858,Space Station Genomics,,
Draft Genome Sequences of Lactobacillales Isolated from the International Space Station,4,0.23344311,Space Station Genomics,,
Draft Genome Sequences of Klebsiella Species Isolated from the International Space Station,4,0.2747279,Space Station Genomics,,
Draft Genome Sequences of Bacillaceae Strains Isolated from the International Space Station.,4,0.2901323,Space Station Genomics,,
Assessing the risk of transfer of microorganisms at the International Space Station due to cargo delivery by commercial resupply vehicles,1,0.08099117,Spaceflight Microbiome Dynamics,,
"Methylobacterium ajmalii sp. nov., isolated from the International Space Station",4,0.12565205,Space Station Genomics,,
Draft Genome Sequences of Aspergillus and Penicillium Species Isolated from the International Space Station and Crew Resupply Vehicle Capsule,4,0.2854314,Space Station Genomics,,
Advances in Space Microbiology,1,0.07798392,Spaceflight Microbiome Dynamics,,
Effects of simulated microgravity on the proteome and secretome of the polyextremotolerant black fungus Knufia chersonesos.,6,-0.065307446,Cellular Stress Responses,,
Draft Genome Sequences of Various Bacterial Phyla Isolated from the International Space Station,4,0.2574583,Space Station Genomics,,
Evaluating the lettuce metatranscriptome with MinION sequencing for future spaceflight food production applications,4,0.0684101,Space Station Genomics,,
Investigation of Spaceflight Induced Changes to Astronaut Microbiomes,1,0.17445453,Spaceflight Microbiome Dynamics,,
Genomic Characterization of Potential Plant Growth-Promoting Features of Sphingomonas Strains Isolated from the International Space Station,4,0.17164032,Space Station Genomics,,
"Genomic Characterization of the Titan-like Cell Producing Naganishia tulchinskyi, the First Novel Eukaryote Isolated from the International Space Station",4,0.18046647,Space Station Genomics,,
Metabolic modeling of the International Space Station microbiome reveals key microbial interactions.,1,0.09457684,Spaceflight Microbiome Dynamics,,
"Microbial Burden Estimation of Food Items, Built Environments, and the International Space Station Using Film Media",1,0.121264994,Spaceflight Microbiome Dynamics,,
Multidrug-resistant Acinetobacter pittii is adapting to and exhibiting potential succession aboard the International Space Station.,1,0.027157087,Spaceflight Microbiome Dynamics,,
Characterization of metagenome-assembled genomes from the International Space Station.,4,0.21206173,Space Station Genomics,,
Comparative genomic analysis of Cohnella hashimotonis sp. nov. isolated from the International Space Station,4,0.24458365,Space Station Genomics,,
Genomic analysis reveals the presence of emerging pathogenic Klebsiella lineages aboard the International Space Station,4,0.16653349,Space Station Genomics,,
"Phylogenomics, phenotypic, and functional traits of five novel (Earth-derived) bacterial species isolated from the International Space Station and their prevalence in metagenomes",4,0.114545405,Space Station Genomics,,
"Genomic, functional, and metabolic enhancements in multidrug-resistant Enterobacter bugandensis facilitating its persistence and succession in the International Space Station",1,-0.024532944,Spaceflight Microbiome Dynamics,,
Adaptation to space conditions of novel bacterial species isolated from the International Space Station revealed by functional gene annotations and comparative genome analysis,4,0.14796738,Space Station Genomics,,
Spatial regulation of a common precursor from two distinct genes generates metabolite diversity,6,-0.06983885,Cellular Stress Responses,,
Recent advances in the genome mining of Aspergillus secondary metabolites (covering 2012‚Äì2018).,4,0.15315899,Space Station Genomics,,
Cortical thinning and structural bone changes in non-human primates after single-fraction whole-chest irradiation.,0,-0.005673005,Skeletal & Musculoskeletal Biology,,
Knee and Hip Joint Cartilage Damage from Combined Spaceflight Hazards of Low-Dose Radiation Less than 1 Gy and Prolonged Hindlimb Unloading.,3,0.14448139,Space Radiation Biology,,
The individual and combined effects of spaceflight radiation and microgravity on biologic systems and functional outcomes,3,0.104440525,Space Radiation Biology,,
Spaceflight and hind limb unloading induces an arthritic phenotype in knee articular cartilage and menisci of rodents,0,0.022104483,Skeletal & Musculoskeletal Biology,,
Œ±Klotho decreases after reduced weight-bearing from both spaceflight and hindlimb unloading,0,0.045168284,Skeletal & Musculoskeletal Biology,,
Prolonged exposure to particulate chromate inhibits RAD51 nuclear import mediator proteins.,6,-0.0599753,Cellular Stress Responses,,
"Transcriptomics, NF-Œ∫B Pathway, and Their Potential Spaceflight-Related Health Consequences.",5,0.13949366,Neurobiology in Spaceflight,,
Interplay of space radiation and microgravity in DNA damage and DNA damage response.,3,0.17496069,Space Radiation Biology,,
"Synergistic Effects of Weightlessness, Isoproterenol, and Radiation on DNA Damage Response and Cytokine Production in Immune Cells",3,0.14886746,Space Radiation Biology,,
Transcriptome and proteome responses in RNAlater preserved tissue of Arabidopsis thaliana.,2,0.20810853,Plant Growth & Signaling,,
Spaceflight induces novel regulatory responses in Arabidopsis seedling as revealed by combined proteomic and transcriptomic analyses.,2,0.2086523,Plant Growth & Signaling,,
Mitigation and use of biofilms in space for the benefit of human space exploration,1,0.08009259,Spaceflight Microbiome Dynamics,,
Toward sustainable space exploration: A roadmap for harnessing the power of microorganisms.,1,0.059179824,Spaceflight Microbiome Dynamics,,
Longitudinal characterization of multispecies microbial populations recovered from spaceflight potable water,1,0.09641291,Spaceflight Microbiome Dynamics,,
Designing a Novel Monitoring Approach for the Effects of Space Travel on Astronauts‚Äô Health,9,0.052197557,Space Omics & Exploration,,
"Draft genome sequence of Sphingomonas paucimobilis strain Sph5, isolated from tap water filtration membrane",4,0.18491676,Space Station Genomics,,
Overexpression of CupB5 activates alginate overproduction in Pseudomonas aeruginosa by a novel AlgW-dependent mechanism,6,-0.05533272,Cellular Stress Responses,,
Burn injury-associated MHCII(+) immune cell accumulation around lymphatic vessels of the mesentery and increased lymphatic endothelial permeability are blocked by doxycycline treatment.,6,-0.002692615,Cellular Stress Responses,,
CubeSats for microbiology and astrobiology research,1,-0.013139005,Spaceflight Microbiome Dynamics,,
In situ resource utilisation: The potential for space biomining,9,0.118040346,Space Omics & Exploration,,
The smallest space miners: Principles of space biomining,9,0.17938176,Space Omics & Exploration,,
"Simulated micro-, lunar, and Martian gravities on Earth‚Äîeffects on Escherichia coli growth, phenotype, and sensitivity to antibiotics.",1,0.10723485,Spaceflight Microbiome Dynamics,,
Biofilm formation of Pseudomonas aeruginosa in spaceflight is minimized on lubricant impregnated surfaces.,1,0.14160405,Spaceflight Microbiome Dynamics,,
Competitive Growth Assay of Mutagenized Chlamydomonas reinhardtii Compatible With the International Space Station Veggie Plant Growth Chamber.,1,0.004339716,Spaceflight Microbiome Dynamics,,
Spatial Characterization of Microbial Communities on Multi-Species Leafy Greens Grown Simultaneously in the Vegetable Production Systems on the International Space Station,1,0.038185857,Spaceflight Microbiome Dynamics,,
Response of Arabidopsis thaliana and Mizuna mustard seeds to simulated space radiation exposures.,3,0.005643644,Space Radiation Biology,,
Editorial: Revisiting the limits of plant life - plant adaptations to extreme terrestrial environments relating to astrobiology and space biology.,2,0.07772244,Plant Growth & Signaling,,
Metagenomic interrogation of urban Superfund site reveals antimicrobial resistance reservoir and bioremediation potential.,1,0.0170037,Spaceflight Microbiome Dynamics,,
"In situ monitoring of barrier function on-chip via automated, non-invasive luminescence sensing.",6,-0.047678534,Cellular Stress Responses,,
37-day microgravity exposure in 16-week female C57BL/6J mice is associated with bone loss specific to weight-bearing skeletal sites.,0,0.037623074,Skeletal & Musculoskeletal Biology,,
Effects of Space Flight on Inflammasome Activation in the Brain of Mice.,5,0.15106465,Neurobiology in Spaceflight,,
Immunization induces inflammation in the mouse heart during spaceflight.,5,0.16935499,Neurobiology in Spaceflight,,
Analyzing the relationship between gene expression and phenotype in space-flown mice using a causal inference machine learning ensemble.,5,0.1410591,Neurobiology in Spaceflight,,
Sex-specific cardiovascular adaptations to simulated microgravity in Sprague-Dawley rats,8,0.098072976,Microgravity & Stem Cells,,
NASA open science data repository: Open science for life in space.,9,0.3187256,Space Omics & Exploration,,
Artificial gravity attenuates the transcriptomic response to spaceflight in the optic nerve and retina,5,0.087569244,Neurobiology in Spaceflight,,
Effect of simulated cosmic radiation on cytomegalovirus reactivation and lytic replication.,3,0.12628113,Space Radiation Biology,,
Protein kinase 2 of the giant sarcomeric protein UNC-89 regulates mitochondrial morphology and function.,6,0.04670678,Cellular Stress Responses,,
To boldly go where no microRNAs have gone before: Spaceflight impact on risk for small-for-gestational-age infants.,5,0.07260307,Neurobiology in Spaceflight,,
Adaptation to space conditions of novel bacterial species isolated from the International Space Station revealed by functional gene annotations and comparative genome analysis.,4,0.14591861,Space Station Genomics,,
Celebrating 30 years of access to NASA space life sciences data.,9,0.3028908,Space Omics & Exploration,,
Predicting how varying moisture conditions impact the microbiome of dust collected from the International Space Station.,1,0.13243704,Spaceflight Microbiome Dynamics,,
Spaceflight alters host-gut microbiota interactions.,1,0.13905542,Spaceflight Microbiome Dynamics,,
Discoveries from human stem cell research in space that are relevant to advancing cellular therapies on Earth.,9,0.05732454,Space Omics & Exploration,,
Simulated microgravity impairs human NK [natural killer] cell cytotoxic activity against space radiation-relevant leukemic cells.,3,0.109104015,Space Radiation Biology,,
Simulated microgravity alters gene regulation linked to immunity and cardiovascular disease.,8,-0.011866604,Microgravity & Stem Cells,,
